ID,Weight
1,402.1586088
2,435.4628026
3,283.9130168
4,257.0531936
5,259.9145517
6,279.0944249
7,323.4083126
8,273.4831109
9,257.4814495
10,421.3889757
11,449.5811297
12,421.1550329
13,420.2351148
14,407.5497581
15,480.9956251
16,433.5354633
17,449.8436711
